Status,FirstName,LastName,AccountId,Email
,Dan,CompContact1,Dan Comp1,1investorportal+CompCont1@gmail.com
,Dan,CompContact2,Dan Comp2,1investorportal+CompCont2@gmail.com
,Dan,CompContact3,Dan Comp2,1investorportal+CompCont3@gmail.com
,Dan,CompContact4,Dan Comp3,1investorportal+CompCont4@gmail.com
,Dan,CompContact5,Dan Comp3,1investorportal+CompCont5@gmail.com
,Dan,CompContact6,Dan Comp3,1investorportal+CompCont6@gmail.com
,Dan,CompContact7,Dan Comp4,1investorportal+CompCont7@gmail.com
,Dan,CompContact8,Dan Comp4,1investorportal+CompCont8@gmail.com
,Dan,CompContact9,Dan Comp4,1investorportal+CompCont9@gmail.com
,Dan,CompContact10,Dan Comp4,1investorportal+CompCont10@gmail.com
,Dan,CompContact11,Dan Comp5,1investorportal+CompCont11@gmail.com
,Dan,AdvCont1,Dan Advisor1,1investorportal+AdvCont1@gmail.com
,Dan,AdvCont2,Dan Advisor2,1investorportal+AdvCont2@gmail.com
,Dan,AdvCont3,Dan Advisor2,1investorportal+AdvCont3@gmail.com
,Dan,AdvCont4,Dan Advisor3,1investorportal+AdvCont4@gmail.com
,Dan,AdvCont5,Dan Advisor3,1investorportal+AdvCont5@gmail.com
,Dan,AdvCont6,Dan Advisor3,1investorportal+AdvCont6@gmail.com
,Dan,AdvCont7,Dan Advisor4,1investorportal+AdvCont7@gmail.com
,Dan,AdvCont8,Dan Advisor4,1investorportal+AdvCont8@gmail.com
,Dan,AdvCont9,Dan Advisor4,1investorportal+AdvCont9@gmail.com
,Dan,AdvCont10,Dan Advisor4,1investorportal+AdvCont10@gmail.com
,Dan,AdvCont11,Dan Advisor5,1investorportal+AdvCont11@gmail.com
,Dan,FSContact1,Dan FS1,1investorportal+InstCont1@gmail.com
,Dan,FSContact2,Dan FS2,1investorportal+InstCont2@gmail.com
,Dan,FSContact3,Dan FS2,1investorportal+InstCont3@gmail.com
,Dan,FSContact4,Dan FS3,1investorportal+InstCont4@gmail.com
,Dan,FSContact5,Dan FS3,1investorportal+InstCont5@gmail.com
,Dan,FSContact6,Dan FS3,1investorportal+InstCont6@gmail.com
,Dan,FSContact7,Dan FS4,1investorportal+InstCont7@gmail.com
,Dan,FSContact8,Dan FS4,1investorportal+InstCont8@gmail.com
,Dan,FSContact9,Dan FS4,1investorportal+InstCont9@gmail.com
,Dan,FSContact10,Dan FS4,1investorportal+InstCont10@gmail.com
,Dan,FSContact11,Dan FS5,1investorportal+InstCont11@gmail.com
,Dan,StrgCorpContact1,Dan StrgCorp1,1investorportal+IntmCont1@gmail.com
,Dan,StrgCorpContact2,Dan StrgCorp2,1investorportal+IntmCont2@gmail.com
,Dan,StrgCorpContact3,Dan StrgCorp2,1investorportal+IntmCont3@gmail.com
,Dan,StrgCorpContact4,Dan StrgCorp3,1investorportal+IntmCont4@gmail.com
,Dan,StrgCorpContact5,Dan StrgCorp3,1investorportal+IntmCont5@gmail.com
,Dan,StrgCorpContact6,Dan StrgCorp3,1investorportal+IntmCont6@gmail.com
,Dan,StrgCorpContact7,Dan StrgCorp4,1investorportal+IntmCont7@gmail.com
,Dan,StrgCorpContact8,Dan StrgCorp4,1investorportal+IntmCont8@gmail.com
,Dan,StrgCorpContact9,Dan StrgCorp4,1investorportal+IntmCont9@gmail.com
,Dan,StrgCorpContact10,Dan StrgCorp4,1investorportal+IntmCont10@gmail.com
,Dan,StrgCorpContact11,Dan StrgCorp5,1investorportal+IntmCont11@gmail.com
