Event WorkAround Name,Custom Currency,Event Organizer,Location
AML Risk Management Conference,1778.78,CDM Event,Mumbai
Finovate Fall,1779.78,Monetary Authority of Singapore,Mumbai
AML Risk Management Conference,1780.78,French Ministry for the Economy and Finance,Sri Lanka
CIO Fiance Summit,1781.78,,China
Financial Leadership Summit,1782.78,,New Delhi
Annual Investors Summit,1783.78,,San Francisco
CIO Fiance Summit,1784.78,,San Jose
AML Risk Management Conference,1785.78,,San Diego
Finovate Fall,1786.78,,New York
Finovate Fall,1787.78,,Poland
CIO Fiance Summit,1788.78,,London
Annual Investors Summit,1789.78,,Chennai
Finovate Fall,1790.78,,San Diego
AML Risk Management Conference,1791.78,,
